{
  "project_info": {
    "project_number": "340341419672",
    "project_id": "ethereal-spiral",
    "storage_bucket": "ethereal-spiral.firebasestorage.app"
  },
  "client": [
    {
      "client_info": {
        "mobilesdk_app_id": "1:340341419672:android:c17fe8a4fbadbe6a80aaed",
        "android_client_info": {
          "package_name": "com.ethereal.spire"
        }
      },
      "oauth_client": [
        {
          "client_id": "340341419672-79olab1hqdu4oisr3vt8paiu4292pp4k.apps.googleusercontent.com",
          "client_type": 3
        }
      ],
      "api_key": [
        {
          "current_key": "AIzaSyCgUaM1A9LUQIeYE0vrKTOmhVjLj2lgAZ8"
        }
      ],
      "services": {
        "appinvite_service": {
          "other_platform_oauth_client": [
            {
              "client_id": "340341419672-79olab1hqdu4oisr3vt8paiu4292pp4k.apps.googleusercontent.com",
              "client_type": 3
            }
          ]
        }
      }
    }
  ],
  "configuration_version": "1"
}